,Name,Weight,Height,bmi
0,juliet,50,1.65,18.36547291092746
1,Leonard,60,1.73,20.04744562130375
2,sophia,58,1.66,21.04804761213529
3,Daniel,68,1.69,23.80869017191275
