Name,Weight,Height,bmi
juliet,50,1.65,18.36547291092746
Leonard,60,1.73,20.04744562130375
sophia,58,1.66,21.04804761213529
Daniel,68,1.69,23.80869017191275
